data_channel;center_wavelength
1;400.02
2;409.82
3;419.62
4;429.43
5;439.25
6;449.07
7;458.90
8;468.73
9;478.57
10;488.41
11;498.26
12;508.12
13;517.98
14;527.85
15;537.72
16;547.60
17;557.49
18;567.38
19;577.28
20;587.18
21;597.09
22;607.01
23;616.93
24;626.85
25;636.78
26;646.72
27;656.67
28;666.61
29;676.57
30;686.53
31;696.50
32;686.91
33;696.55
34;706.19
35;715.83
36;725.47
37;735.11
38;744.74
39;754.38
40;764.01
41;773.64
42;783.27
43;792.91
44;802.53
45;812.21
46;821.79
47;831.41
48;841.04
49;850.66
50;860.28
51;869.91
52;879.53
53;889.14
54;898.76
55;908.38
56;917.99
57;927.61
58;937.22
59;946.83
60;956.45
61;966.06
62;975.66
63;985.27
64;994.88
65;1004.48
66;1014.09
67;1023.69
68;1033.29
69;1042.89
70;1052.49
71;1062.09
72;1071.69
73;1081.29
74;1090.88
75;1100.48
76;1110.07
77;1119.66
78;1129.25
79;1138.84
80;1148.43
81;1158.02
82;1167.61
83;1177.19
84;1186.77
85;1196.36
86;1205.94
87;1215.52
88;1225.10
89;1234.68
90;1244.26
91;1253.83
92;1263.41
93;1272.98
94;1282.55
95;1273.00
96;1282.96
97;1292.93
98;1302.89
99;1312.85
100;1322.81
101;1332.77
102;1342.73
103;1352.68
104;1362.64
105;1372.59
106;1382.54
107;1392.49
108;1402.44
109;1412.39
110;1422.34
111;1432.28
112;1442.23
113;1452.17
114;1462.11
115;1472.05
116;1481.99
117;1491.92
118;1501.86
119;1511.79
120;1521.73
121;1531.66
122;1541.59
123;1551.52
124;1561.44
125;1571.37
126;1581.30
127;1591.22
128;1601.14
129;1611.06
130;1620.98
131;1630.90
132;1640.81
133;1650.73
134;1660.64
135;1670.56
136;1680.47
137;1690.38
138;1700.28
139;1710.19
140;1720.10
141;1730.00
142;1739.90
143;1749.81
144;1759.71
145;1769.60
146;1779.50
147;1789.40
148;1799.29
149;1809.19
150;1819.08
151;1828.97
152;1838.86
153;1848.75
154;1858.63
155;1868.52
156;1878.40
157;1888.28
158;1883.24
159;1893.25
160;1903.26
161;1913.26
162;1923.27
163;1933.27
164;1943.27
165;1953.26
166;1963.25
167;1973.24
168;1983.23
169;1993.22
170;2003.20
171;2013.18
172;2023.16
173;2033.13
174;2043.10
175;2053.07
176;2063.04
177;2073.00
178;2082.97
179;2092.92
180;2102.88
181;2112.83
182;2122.78
183;2132.73
184;2142.68
185;2152.62
186;2162.56
187;2172.50
188;2182.43
189;2192.37
190;2202.30
191;2260.22
192;2270.15
193;2232.07
194;2241.99
195;2251.90
196;2261.82
197;2271.73
198;2281.64
199;2291.54
200;2301.45
201;2311.35
202;2321.25
203;2331.14
204;2341.03
205;2350.92
206;2360.81
207;2370.70
208;2380.58
209;2390.46
210;2400.33
211;2410.21
212;2420.08
213;2429.95
214;2439.81
215;2449.68
216;2459.54
217;2469.40
218;2479.25
219;2489.11
220;2498.96
